{
  "metadata": {
    "mode": "simulator",
    "comparison": "old_architecture_shots",
    "shot_values": [
      256,
      1024
    ],
    "thetas": [
      0.0,
      0.21666156231653746,
      0.43332312463307493,
      0.6499846869496124,
      0.8666462492661499,
      1.0833078115826873,
      1.2999693738992248,
      1.5166309362157622,
      1.7332924985322997,
      1.9499540608488373,
      2.1666156231653746,
      2.383277185481912,
      2.5999387477984497,
      2.8166003101149872,
      3.0332618724315243,
      3.249923434748062,
      3.4665849970645994,
      3.683246559381137,
      3.8999081216976745,
      4.116569684014212,
      4.333231246330749,
      4.549892808647287,
      4.766554370963824,
      4.983215933280362,
      5.199877495596899,
      5.416539057913437,
      5.6332006202299745,
      5.849862182546511,
      6.066523744863049,
      6.283185307179586
    ],
    "n_theta": 30
  },
  "theory_n1": [
    0.0,
    -0.10748522010551201,
    -0.20994455078013216,
    -0.3025871075968827,
    -0.3810810275638182,
    -0.4417560222230114,
    -0.4817749962596115,
    -0.49926670692556174,
    -0.49341326127076307,
    -0.4644883599083955,
    -0.41384449907844517,
    -0.34384972942671155,
    -0.2577769285885107,
    -0.15965076506798984,
    -0.054059509211970946,
    0.05405950921197081,
    0.15965076506798997,
    0.25777692858851087,
    0.34384972942671166,
    0.41384449907844517,
    0.4644883599083955,
    0.493413261270763,
    0.49926670692556174,
    0.4817749962596115,
    0.44175602222301136,
    0.38108102756381806,
    0.30258710759688234,
    0.2099445507801325,
    0.10748522010551212,
    1.6653345369377348e-16
  ],
  "runs": {
    "256": {
      "metadata": {
        "mode": "simulator",
        "circuit_family": "swap_test",
        "copies": 1,
        "timestamp_utc": "2026-04-23T08:49:03.897206+00:00",
        "shots": 256,
        "optimization_level": 1,
        "n_circuits": 30,
        "weights": [
          0.5,
          0.5
        ],
        "thetas": [
          0.0,
          0.21666156231653746,
          0.43332312463307493,
          0.6499846869496124,
          0.8666462492661499,
          1.0833078115826873,
          1.2999693738992248,
          1.5166309362157622,
          1.7332924985322997,
          1.9499540608488373,
          2.1666156231653746,
          2.383277185481912,
          2.5999387477984497,
          2.8166003101149872,
          3.0332618724315243,
          3.249923434748062,
          3.4665849970645994,
          3.683246559381137,
          3.8999081216976745,
          4.116569684014212,
          4.333231246330749,
          4.549892808647287,
          4.766554370963824,
          4.983215933280362,
          5.199877495596899,
          5.416539057913437,
          5.6332006202299745,
          5.849862182546511,
          6.066523744863049,
          6.283185307179586
        ],
        "backend": "aer_simulator",
        "noise_enabled": true,
        "noise_source": "simple_depolarizing",
        "job_id": "71980926-d38c-4b2e-a8fe-ac0a2908916e"
      },
      "counts": [
        {
          "10": 88,
          "00": 98,
          "11": 39,
          "01": 31
        },
        {
          "00": 86,
          "10": 102,
          "01": 47,
          "11": 21
        },
        {
          "10": 104,
          "01": 51,
          "11": 19,
          "00": 82
        },
        {
          "00": 70,
          "10": 115,
          "11": 17,
          "01": 54
        },
        {
          "00": 72,
          "01": 55,
          "10": 118,
          "11": 11
        },
        {
          "01": 52,
          "00": 76,
          "10": 120,
          "11": 8
        },
        {
          "00": 76,
          "10": 117,
          "01": 59,
          "11": 4
        },
        {
          "10": 119,
          "00": 73,
          "01": 53,
          "11": 11
        },
        {
          "11": 8,
          "10": 115,
          "01": 71,
          "00": 62
        },
        {
          "00": 72,
          "10": 125,
          "01": 54,
          "11": 5
        },
        {
          "01": 57,
          "10": 120,
          "00": 73,
          "11": 6
        },
        {
          "01": 51,
          "10": 108,
          "11": 8,
          "00": 89
        },
        {
          "10": 115,
          "00": 85,
          "11": 16,
          "01": 40
        },
        {
          "00": 97,
          "10": 97,
          "11": 21,
          "01": 41
        },
        {
          "00": 81,
          "01": 41,
          "10": 100,
          "11": 34
        },
        {
          "11": 35,
          "10": 92,
          "00": 97,
          "01": 32
        },
        {
          "00": 106,
          "11": 54,
          "10": 76,
          "01": 20
        },
        {
          "00": 108,
          "10": 76,
          "11": 51,
          "01": 21
        },
        {
          "10": 69,
          "00": 114,
          "11": 55,
          "01": 18
        },
        {
          "11": 57,
          "00": 111,
          "10": 76,
          "01": 12
        },
        {
          "11": 63,
          "00": 120,
          "10": 64,
          "01": 9
        },
        {
          "00": 115,
          "10": 70,
          "11": 65,
          "01": 6
        },
        {
          "00": 131,
          "11": 58,
          "10": 61,
          "01": 6
        },
        {
          "00": 118,
          "10": 74,
          "11": 59,
          "01": 5
        },
        {
          "00": 138,
          "11": 51,
          "10": 56,
          "01": 11
        },
        {
          "11": 57,
          "00": 116,
          "01": 11,
          "10": 72
        },
        {
          "10": 79,
          "00": 106,
          "11": 57,
          "01": 14
        },
        {
          "00": 109,
          "10": 84,
          "11": 44,
          "01": 19
        },
        {
          "00": 90,
          "11": 35,
          "10": 103,
          "01": 28
        },
        {
          "10": 83,
          "11": 36,
          "00": 103,
          "01": 34
        }
      ],
      "expectation": [
        0.0703125,
        -0.1640625,
        -0.2109375,
        -0.3203125,
        -0.3515625,
        -0.34375,
        -0.375,
        -0.34375,
        -0.453125,
        -0.3984375,
        -0.3828125,
        -0.2421875,
        -0.2109375,
        -0.078125,
        -0.1015625,
        0.03125,
        0.25,
        0.2421875,
        0.3203125,
        0.3125,
        0.4296875,
        0.40625,
        0.4765625,
        0.3828125,
        0.4765625,
        0.3515625,
        0.2734375,
        0.1953125,
        -0.0234375,
        0.0859375
      ]
    },
    "1024": {
      "metadata": {
        "mode": "simulator",
        "circuit_family": "swap_test",
        "copies": 1,
        "timestamp_utc": "2026-04-23T08:49:07.094901+00:00",
        "shots": 1024,
        "optimization_level": 1,
        "n_circuits": 30,
        "weights": [
          0.5,
          0.5
        ],
        "thetas": [
          0.0,
          0.21666156231653746,
          0.43332312463307493,
          0.6499846869496124,
          0.8666462492661499,
          1.0833078115826873,
          1.2999693738992248,
          1.5166309362157622,
          1.7332924985322997,
          1.9499540608488373,
          2.1666156231653746,
          2.383277185481912,
          2.5999387477984497,
          2.8166003101149872,
          3.0332618724315243,
          3.249923434748062,
          3.4665849970645994,
          3.683246559381137,
          3.8999081216976745,
          4.116569684014212,
          4.333231246330749,
          4.549892808647287,
          4.766554370963824,
          4.983215933280362,
          5.199877495596899,
          5.416539057913437,
          5.6332006202299745,
          5.849862182546511,
          6.066523744863049,
          6.283185307179586
        ],