{
  "metadata": {
    "thetas": [
      0.0,
      0.21666156231653746,
      0.43332312463307493,
      0.6499846869496124,
      0.8666462492661499,
      1.0833078115826873,
      1.2999693738992248,
      1.5166309362157622,
      1.7332924985322997,
      1.9499540608488373,
      2.1666156231653746,
      2.383277185481912,
      2.5999387477984497,
      2.8166003101149872,
      3.0332618724315243,
      3.249923434748062,
      3.4665849970645994,
      3.683246559381137,
      3.8999081216976745,
      4.116569684014212,
      4.333231246330749,
      4.549892808647287,
      4.766554370963824,
      4.983215933280362,
      5.199877495596899,
      5.416539057913437,
      5.6332006202299745,
      5.849862182546511,
      6.066523744863049,
      6.283185307179586
    ],
    "shots": 1024,
    "simulator_backend": "aer",
    "hardware_backend": "ibm_kingston",
    "target_copies": 3
  },
  "simulator": {
    "pre_novelty_physical_n3": {
      "sign_agreement": 0.9666666666666667,
      "max_abs_diff": 0.17272899157213634,
      "mean_abs_diff": 0.06898339156543513,
      "rmse": 0.08256953331415856
    },
    "post_novelty_virtual_n3": {
      "sign_agreement": 1.0,
      "max_abs_diff": 0.18517367399143642,
      "mean_abs_diff": 0.05131997251051675,
      "rmse": 0.07314065544088577
    },
    "improvement_vs_theory_n3": {
      "sign_agreement": {
        "pre": 0.9666666666666667,
        "post": 1.0,
        "delta_abs": 0.033333333333333326,
        "delta_rel": 0.03448275862068965
      },
      "max_abs_diff": {
        "pre": 0.17272899157213634,
        "post": 0.18517367399143642,
        "delta_abs": 0.01244468241930008,
        "delta_rel": 0.07204744441585442
      },
      "mean_abs_diff": {
        "pre": 0.06898339156543513,
        "post": 0.05131997251051675,
        "delta_abs": -0.017663419054918382,
        "delta_rel": -0.25605321301379486
      },
      "rmse": {
        "pre": 0.08256953331415856,
        "post": 0.07314065544088577,
        "delta_abs": -0.00942887787327279,
        "delta_rel": -0.11419318354868283
      }
    }
  },
  "hardware": {
    "pre_novelty_physical_n3": {
      "sign_agreement": 1.0,
      "max_abs_diff": 0.20362341708255527,
      "mean_abs_diff": 0.08177689055550275,
      "rmse": 0.09833059352783394
    },
    "post_novelty_virtual_n3": {
      "sign_agreement": 0.9666666666666667,
      "max_abs_diff": 0.18213204847036257,
      "mean_abs_diff": 0.071701610429829,
      "rmse": 0.0859816326431959
    },
    "improvement_vs_theory_n3": {
      "sign_agreement": {
        "pre": 1.0,
        "post": 0.9666666666666667,
        "delta_abs": -0.033333333333333326,
        "delta_rel": -0.033333333333333326
      },
      "max_abs_diff": {
        "pre": 0.20362341708255527,
        "post": 0.18213204847036257,
        "delta_abs": -0.021491368612192696,
        "delta_rel": -0.10554468105934706
      },
      "mean_abs_diff": {
        "pre": 0.08177689055550275,
        "post": 0.071701610429829,
        "delta_abs": -0.010075280125673741,
        "delta_rel": -0.12320449037904607
      },
      "rmse": {
        "pre": 0.09833059352783394,
        "post": 0.0859816326431959,
        "delta_abs": -0.012348960884638036,
        "delta_rel": -0.12558615219934047
      }
    }
  },
  "cross_simulator_vs_hardware": {
    "physical_n3": {
      "sim_vs_theory": {
        "sign_agreement": 0.9666666666666667,
        "max_abs_diff": 0.17272899157213634,
        "mean_abs_diff": 0.06898339156543513,
        "rmse": 0.08256953331415856
      },
      "hw_vs_theory": {
        "sign_agreement": 1.0,
        "max_abs_diff": 0.20362341708255527,
        "mean_abs_diff": 0.08177689055550275,
        "rmse": 0.09833059352783394
      }
    },
    "virtual_n3": {
      "sim_vs_theory": {
        "sign_agreement": 1.0,
        "max_abs_diff": 0.18517367399143642,
        "mean_abs_diff": 0.05131997251051675,
        "rmse": 0.07314065544088577
      },
      "hw_vs_theory": {
        "sign_agreement": 0.9666666666666667,
        "max_abs_diff": 0.18213204847036257,
        "mean_abs_diff": 0.071701610429829,
        "rmse": 0.0859816326431959
      }
    }
  },
  "curves": {
    "theory_n3": [
      0.0,
      -0.0818556996241123,
      -0.1667120790901481,
      -0.25464489087780273,
      -0.34115240530429736,
      -0.4175249901598213,
      -0.47315466708255527,
      -0.49890086657213634,
      -0.4901846838302784,
      -0.4485793718378785,
      -0.38126139162944783,
      -0.29854155711480324,
      -0.21046170136888107,
      -0.12380731105883763,
      -0.04070261706947337,
      0.04070261706947325,
      0.12380731105883779,
      0.21046170136888123,
      0.29854155711480346,
      0.38126139162944783,
      0.4485793718378785,
      0.4901846838302784,
      0.49890086657213634,
      0.47315466708255527,
      0.4175249901598213,
      0.34115240530429736,
      0.25464489087780234,
      0.1667120790901484,
      0.08185569962411243,
      1.1796119636642288e-16
    ],
    "sim_physical_n3": [
      0.009765625,
      -0.064453125,
      -0.087890625,
      -0.1953125,
      -0.23046875,
      -0.30078125,
      -0.40234375,
      -0.326171875,
      -0.388671875,
      -0.349609375,
      -0.283203125,
      -0.19140625,
      -0.115234375,
      -0.08203125,
      -0.044921875,
      0.04296875,
      0.091796875,
      0.171875,
      0.287109375,
      0.310546875,
      0.361328125,
      0.419921875,
      0.328125,
      0.345703125,
      0.345703125,
      0.26171875,
      0.22265625,
      0.138671875,
      0.068359375,
      -0.05078125
    ],
    "sim_virtual_n3": [
      0.036737509071826935,
      -0.057570867240428925,
      -0.13726741075515747,
      -0.2547958120703697,
      -0.36208105087280273,
      -0.3049386367201805,
      -0.4436354637145996,
      -0.4144566133618355,
      -0.3940034583210945,
      -0.5,
      -0.3385792374610901,
      -0.29627811163663864,
      -0.16414719820022583,
      -0.08333969116210938,
      -0.1242251992225647,
      0.03378205746412277,
      0.12584217637777328,
      0.203125,
      0.3204043507575989,
      0.23899897187948227,
      0.43555349856615067,
      0.5,
      0.3137271925806999,
      0.32942384481430054,
      0.4144566133618355,
      0.5,
      0.2351163700222969,
      0.15902035683393478,
      0.09882169961929321,
      0.1003853902220726
    ],
    "hw_physical_n3": [
      0.046875,
      -0.05859375,
      -0.078125,
      -0.185546875,
      -0.236328125,
      -0.22265625,
      -0.26953125,
      -0.365234375,
      -0.34375,
      -0.31640625,
      -0.294921875,
      -0.255859375,
      -0.146484375,
      -0.111328125,
      -0.06640625,
      0.052734375,
      0.1640625,
      0.10546875,
      0.220703125,
      0.236328125,
      0.302734375,
      0.357421875,
      0.3828125,
      0.357421875,
      0.39453125,
      0.279296875,
      0.212890625,
      0.1953125,
      0.076171875,
      0.02734375
    ],
    "hw_virtual_n3": [
      0.013189025223255157,
      -0.011722564697265625,
      -0.035259246826171875,
      -0.1177935004234314,
      -0.15902035683393478,
      -0.2814216613769531,
      -0.3385792374610901,
      -0.39652568101882935,
      -0.4092838689684868,
      -0.2835211232304573,
      -0.27932970970869064,
      -0.233184814453125,
      -0.1762777641415596,
      -0.22552251815795898,
      0.036737509071826935,
      0.11619440466165543,
      0.09259599447250366,
      0.30712366104125977,
      0.34787338972091675,
      0.3362774923443794,
      0.371734619140625,
      0.5,
      0.4883723258972168,
      0.4912622347474098,
      0.374171145260334,
      0.3115178942680359,
      0.2142159342765808,
      0.1994742751121521,
      0.1242251992225647,
      0.016123197972774506
    ]
  }
}